{
    "domains": [
        {
            "name": "Environment",
            "statistics": [
                {
                    "qtd_data": "20250606",
                    "preprocess_time_s": 12.833617210388184,
                    "preprocess_memo_mb": 0.575526237487793,
                    "preprocess_cpu_perc": 0.13636062002717805,
                    "run_time_s": 0.9324252605438232,
                    "run_memo_mb": 0.45016956329345703,
                    "run_cpu_perc": 100.26502619986246,
                    "metrics_time_s": 0.0003733634948730469,
                    "metrics_memo_mb": 0.00347900390625,
                    "metrics_cpu_perc": 0.0,
                    "save_time_s": 2.5862767696380615,
                    "save_memo_mb": 0.00324249267578125,
                    "save_cpu_perc": 0.0,
                    "total_time_s": 16.35269260406494,
                    "total_memo_mb": 1.0324172973632812,
                    "total_cpu_perc": 100.40138681988964,
                    "algorithms": [
                        {
                            "name": "Kmeans",
                            "clusters": 4,
                            "silhouette_score": 0.37121181757159405,
                            "davies_bouldin": 0.9789716271090266,
                            "calisnky_harabasz": 879.6314506597028,
                            "score": 0.7303062878013241,
                            "metric_value": 0.6856059087857971,
                            "time_s": 0.49405837059020996,
                            "memory_mb": 0.28310394287109375,
                            "cpu_perc": 59.20353088048581,
                            "clusters_count": {
                                "0": 1042,
                                "1": 336,
                                "2": 334,
                                "3": 239
                            },
                            "eps": null,
                            "samples": null,
                            "outliers": null
                        },
                        {
                            "name": "DBSCAN",
                            "clusters": 10,
                            "silhouette_score": 0.09751675895413192,
                            "davies_bouldin": 1.2648852868673919,
                            "calisnky_harabasz": 20.328202233093084,
                            "score": 0.4805237307915689,
                            "metric_value": 0.548758379477066,
                            "time_s": 0.4383668899536133,
                            "memory_mb": 0.16706562042236328,
                            "cpu_perc": 41.06149531937666,
                            "clusters_count": {
                                "-1": 19,
                                "0": 2,
                                "1": 1903,
                                "2": 2,
                                "3": 2,
                                "4": 5,
                                "5": 2,
                                "6": 9,
                                "7": 3,
                                "8": 2,
                                "9": 2
                            },
                            "eps": 0.8869386186022903,
                            "samples": 2,
                            "outliers": 19
                        }
                    ],
                    "best_algorithm": "K-Means"
                }
            ]
        }
    ]
}