{
    "domains": [
        {
            "name": "Health",
            "statistics": [
                {
                    "qtd_data": "7",
                    "preprocess_time_s": 7.256861209869385,
                    "preprocess_memo_mb": 0.5362348556518555,
                    "preprocess_cpu_perc": 0.17225077948300732,
                    "run_time_s": 1.596618413925171,
                    "run_memo_mb": 0.4394197463989258,
                    "run_cpu_perc": 139.86270774544616,
                    "metrics_time_s": 0.0033388137817382812,
                    "metrics_memo_mb": 0.03204631805419922,
                    "metrics_cpu_perc": 0.0,
                    "save_time_s": 0.9460291862487793,
                    "save_memo_mb": 0.00324249267578125,
                    "save_cpu_perc": 0.0,
                    "total_time_s": 9.802847623825073,
                    "total_memo_mb": 1.0109434127807617,
                    "total_cpu_perc": 140.03495852492915,
                    "algorithms": [
                        {
                            "name": "Kmeans",
                            "clusters": 6,
                            "silhouette_score": 0.1558194313192549,
                            "davies_bouldin": 1.6310006018125633,
                            "calisnky_harabasz": 47.99521295674157,
                            "time_s": 0.3447139263153076,
                            "memory_mb": 0.2885303497314453,
                            "cpu_perc": 54.39292865368457,
                            "clusters_count": {
                                "0": 62,
                                "1": 65,
                                "2": 58,
                                "3": 62,
                                "4": 54,
                                "5": 35
                            },
                            "eps": null,
                            "samples": null,
                            "outliers": null
                        },
                        {
                            "name": "DBSCAN",
                            "clusters": 2,
                            "silhouette_score": 0.26976905276031005,
                            "davies_bouldin": 1.5007555451992962,
                            "calisnky_harabasz": 49.594810183036635,
                            "time_s": 1.2519044876098633,
                            "memory_mb": 0.15088939666748047,
                            "cpu_perc": 85.4697790917616,
                            "clusters_count": {
                                "0": 301,
                                "1": 35
                            },
                            "eps": 3.0,
                            "samples": 3,
                            "outliers": 0
                        }
                    ]
                },
                {
                    "qtd_data": "30",
                    "preprocess_time_s": 12.523203372955322,
                    "preprocess_memo_mb": 0.6026525497436523,
                    "preprocess_cpu_perc": 0.19962943390338245,
                    "run_time_s": 8.828336477279663,
                    "run_memo_mb": 0.44605445861816406,
                    "run_cpu_perc": 149.50912371297824,
                    "metrics_time_s": 0.0019023418426513672,
                    "metrics_memo_mb": 0.02252483367919922,
                    "metrics_cpu_perc": 131.41696954502962,
                    "save_time_s": 0.7407526969909668,
                    "save_memo_mb": 0.00324249267578125,
                    "save_cpu_perc": 0.0,
                    "total_time_s": 22.094194889068604,
                    "total_memo_mb": 1.0744743347167969,
                    "total_cpu_perc": 281.1257226919113,
                    "algorithms": [
                        {
                            "name": "Kmeans",
                            "clusters": 8,
                            "silhouette_score": 0.1402451059260394,
                            "davies_bouldin": 1.8581033228867145,
                            "calisnky_harabasz": 133.8404917901793,
                            "time_s": 1.1045985221862793,
                            "memory_mb": 0.2871665954589844,
                            "cpu_perc": 86.45675155438501,
                            "clusters_count": {
                                "0": 142,
                                "1": 157,
                                "2": 168,
                                "3": 62,
                                "4": 162,
                                "5": 286,
                                "6": 228,
                                "7": 235
                            },
                            "eps": null,
                            "samples": null,
                            "outliers": null
                        },
                        {
                            "name": "DBSCAN",
                            "clusters": null,
                            "silhouette_score": null,
                            "davies_bouldin": null,
                            "calisnky_harabasz": null,
                            "time_s": null,
                            "memory_mb": null,
                            "cpu_perc": null,
                            "clusters_count": null,
                            "eps": null,
                            "samples": null,
                            "outliers": null
                        }
                    ]
                }
            ]
        },
        {
            "name": "Environment",
            "statistics": [
                {
                    "qtd_data": "7",
                    "preprocess_time_s": 4.574125528335571,
                    "preprocess_memo_mb": 0.051296234130859375,
                    "preprocess_cpu_perc": 0.16396576686711622,
                    "run_time_s": 3.6054739952087402,
                    "run_memo_mb": 0.20493030548095703,
                    "run_cpu_perc": 141.92866946149422,
                    "metrics_time_s": 0.001984834671020508,
                    "metrics_memo_mb": 0.009600639343261719,
                    "metrics_cpu_perc": 0.0,
                    "save_time_s": 1.0854804515838623,
                    "save_memo_mb": 0.00168609619140625,
                    "save_cpu_perc": 0.2303127611697043,
                    "total_time_s": 9.267064809799194,
                    "total_memo_mb": 0.2675132751464844,
                    "total_cpu_perc": 142.32294798953103,
                    "algorithms": [
                        {
                            "name": "Kmeans",
                            "clusters": 4,
                            "silhouette_score": 0.4983900894116008,
                            "davies_bouldin": 0.7472912149001212,
                            "calisnky_harabasz": 3038.265745394156,
                            "time_s": 0.33238720893859863,
                            "memory_mb": 0.018209457397460938,
                            "cpu_perc": 72.95707941781735,
                            "clusters_count": {
                                "0": 267,
                                "1": 387,
                                "2": 358,
                                "3": 332
                            },
                            "eps": null,
                            "samples": null,
                            "outliers": null
                        },
                        {
                            "name": "DBSCAN",
                            "clusters": 1,
                            "silhouette_score": 0.38612978924685576,
                            "davies_bouldin": 0.9376280036924922,
                            "calisnky_harabasz": 5.565410040160625,
                            "time_s": 3.2730867862701416,
                            "memory_mb": 0.1867208480834961,
                            "cpu_perc": 68.97159004367687,