{
    "domains": [
        {
            "name": "Environment",
            "statistics": [
                {
                    "qtd_data": "20250602",
                    "preprocess_time_s": 13.409840106964111,
                    "preprocess_memo_mb": 1.4148063659667969,
                    "preprocess_cpu_perc": 0.8575792036496931,
                    "run_time_s": 73.84817719459534,
                    "run_memo_mb": 1.8904027938842773,
                    "run_cpu_perc": 87.2203015406512,
                    "metrics_time_s": 0.0002799034118652344,
                    "metrics_memo_mb": 0.00347900390625,
                    "metrics_cpu_perc": 0.0,
                    "save_time_s": 2.2211849689483643,
                    "save_memo_mb": 0.00324249267578125,
                    "save_cpu_perc": 0.22510507093730148,
                    "total_time_s": 89.47948217391968,
                    "total_memo_mb": 3.3119306564331055,
                    "total_cpu_perc": 88.3029858152382,
                    "algorithms": [
                        {
                            "name": "Kmeans",
                            "clusters": 8,
                            "silhouette_score": 0.9087513661921455,
                            "davies_bouldin": 1.010912393351487,
                            "calisnky_harabasz": 9314.918578475257,
                            "score": 0.8172207963414321,
                            "metric_value": 0.9543756830960728,
                            "time_s": 13.398713111877441,
                            "memory_mb": 0.3763456344604492,
                            "cpu_perc": 60.677469038374056,
                            "clusters_count": {
                                "0": 11799,
                                "1": 10393,
                                "2": 188,
                                "3": 266,
                                "4": 299,
                                "5": 119,
                                "6": 406,
                                "7": 111
                            },
                            "eps": null,
                            "samples": null,
                            "outliers": null
                        },
                        {
                            "name": "DBSCAN",
                            "clusters": 40,
                            "silhouette_score": 0.7653942672646309,
                            "davies_bouldin": 1.6943635737885365,
                            "calisnky_harabasz": 412.9669677330087,
                            "score": 0.637718733132686,
                            "metric_value": 0.8826971336323155,
                            "time_s": 60.449464082717896,
                            "memory_mb": 1.5140571594238281,
                            "cpu_perc": 26.542832502277157,
                            "clusters_count": {
                                "-1": 124,
                                "0": 11506,
                                "1": 2,
                                "2": 3,
                                "3": 2,
                                "4": 4,
                                "5": 2,
                                "6": 4,
                                "7": 7,
                                "8": 3,
                                "9": 2,
                                "10": 4,
                                "11": 2,
                                "12": 2,
                                "13": 2,
                                "14": 6,
                                "15": 3,
                                "16": 2,
                                "17": 2,
                                "18": 2,
                                "19": 9,
                                "20": 25,
                                "21": 2,
                                "22": 2,
                                "23": 2,
                                "24": 2,
                                "25": 2,
                                "26": 4,
                                "27": 8,
                                "28": 4,
                                "29": 2,
                                "30": 4,
                                "31": 3,
                                "32": 11,
                                "33": 2,
                                "34": 2,
                                "35": 2,
                                "36": 2,
                                "37": 2,
                                "38": 8,
                                "39": 11799
                            },
                            "eps": 1.8033033963129994,
                            "samples": 2,
                            "outliers": 124
                        }
                    ],
                    "best_algorithm": "K-Means"
                }
            ]
        }
    ]
}